{"cameraMode":{"drawMode":0,"name":"Shaded","section":"Shading Mode"},"sceneLighting":false,"audioPlay":false,"sceneViewState":{"showFog":false,"showMaterialUpdate":false,"showSkybox":false,"showFlares":false,"showImageEffects":false,"showParticleSystems":true},"in2DMode":false,"pivot":{"x":24.271944046020509,"y":-1.1332659721374512,"z":13.043966293334961},"rotation":{"x":-0.0034694478381425144,"y":-0.9916942715644836,"z":0.1256198287010193,"w":-0.02738921530544758},"size":15.941300392150879,"orthographic":false}