{"cameraMode":{"drawMode":0,"name":"Shaded","section":"Shading Mode"},"sceneLighting":false,"audioPlay":false,"sceneViewState":{"showFog":false,"showMaterialUpdate":false,"showSkybox":false,"showFlares":false,"showImageEffects":false,"showParticleSystems":true},"in2DMode":false,"pivot":{"x":58.68000793457031,"y":7.26213264465332,"z":-22.108755111694337},"rotation":{"x":-0.07795426994562149,"y":-0.9020912647247315,"z":0.183805912733078,"w":-0.3825831413269043},"size":10.333379745483399,"orthographic":false}