{"cameraMode":{"drawMode":0,"name":"Shaded","section":"Shading Mode"},"sceneLighting":false,"audioPlay":false,"sceneViewState":{"showFog":false,"showMaterialUpdate":false,"showSkybox":false,"showFlares":false,"showImageEffects":false,"showParticleSystems":true},"in2DMode":false,"pivot":{"x":73.31694793701172,"y":4.413719177246094,"z":-72.50630187988281},"rotation":{"x":0.27775269746780398,"y":0.05929454416036606,"z":-0.017178811132907869,"w":0.9586670398712158},"size":231.6904754638672,"orthographic":false}