{"cameraMode":{"drawMode":0,"name":"Shaded","section":"Shading Mode"},"sceneLighting":false,"audioPlay":false,"sceneViewState":{"showFog":false,"showMaterialUpdate":false,"showSkybox":false,"showFlares":false,"showImageEffects":false,"showParticleSystems":true},"in2DMode":false,"pivot":{"x":16.094650268554689,"y":-6.276278495788574,"z":25.477638244628908},"rotation":{"x":-0.00258151744492352,"y":0.9435566663742065,"z":-0.3311195373535156,"w":-0.0073563954792916779},"size":19.32707405090332,"orthographic":false}