{"cameraMode":{"drawMode":0,"name":"Shaded","section":"Shading Mode"},"sceneLighting":false,"audioPlay":false,"sceneViewState":{"showFog":false,"showMaterialUpdate":false,"showSkybox":false,"showFlares":false,"showImageEffects":false,"showParticleSystems":true},"in2DMode":false,"pivot":{"x":-0.8497436046600342,"y":0.8250408172607422,"z":21.471527099609376},"rotation":{"x":-0.1682344675064087,"y":-0.8074953556060791,"z":0.4939838647842407,"w":-0.27500611543655398},"size":3.7138638496398927,"orthographic":false}