{"cameraMode":{"drawMode":0,"name":"Shaded","section":"Shading Mode"},"sceneLighting":false,"audioPlay":false,"sceneViewState":{"showFog":false,"showMaterialUpdate":false,"showSkybox":false,"showFlares":false,"showImageEffects":false,"showParticleSystems":true},"in2DMode":false,"pivot":{"x":324.03887939453127,"y":193.07351684570313,"z":0.0},"rotation":{"x":0.033002790063619617,"y":-0.007221436593681574,"z":0.00023863674141466618,"w":0.9994291663169861},"size":760.5784912109375,"orthographic":false}