{"cameraMode":{"drawMode":0,"name":"Shaded","section":"Shading Mode"},"sceneLighting":false,"audioPlay":false,"sceneViewState":{"showFog":false,"showMaterialUpdate":false,"showSkybox":false,"showFlares":false,"showImageEffects":false,"showParticleSystems":true},"in2DMode":false,"pivot":{"x":229.3821563720703,"y":-68.75767517089844,"z":-63.306617736816409},"rotation":{"x":-0.08815134316682816,"y":-0.8202216029167175,"z":0.1315327286720276,"w":-0.5496954321861267},"size":282.4018859863281,"orthographic":false}