{"cameraMode":{"drawMode":0,"name":"Shaded","section":"Shading Mode"},"sceneLighting":false,"audioPlay":false,"sceneViewState":{"showFog":false,"showMaterialUpdate":false,"showSkybox":false,"showFlares":false,"showImageEffects":false,"showParticleSystems":true},"in2DMode":false,"pivot":{"x":21.103696823120118,"y":2.8804779052734377,"z":28.395336151123048},"rotation":{"x":-0.08835096657276154,"y":-0.8812417387962341,"z":0.18232005834579469,"w":-0.4270439147949219},"size":5.092808246612549,"orthographic":false}