{"cameraMode":{"drawMode":0,"name":"Shaded","section":"Shading Mode"},"sceneLighting":false,"audioPlay":false,"sceneViewState":{"showFog":false,"showMaterialUpdate":false,"showSkybox":false,"showFlares":false,"showImageEffects":false,"showParticleSystems":true},"in2DMode":false,"pivot":{"x":17.33281707763672,"y":-2.7130603790283205,"z":-1.5112743377685547},"rotation":{"x":0.006334558594971895,"y":-0.9892563819885254,"z":0.13891246914863587,"w":0.04511244595050812},"size":27.065732955932618,"orthographic":false}