{"cameraMode":{"drawMode":0,"name":"Shaded","section":"Shading Mode"},"sceneLighting":false,"audioPlay":false,"sceneViewState":{"showFog":false,"showMaterialUpdate":false,"showSkybox":false,"showFlares":false,"showImageEffects":false,"showParticleSystems":true},"in2DMode":false,"pivot":{"x":-4.19716739654541,"y":9.154012680053711,"z":-57.16839599609375},"rotation":{"x":-0.17930443584918977,"y":-0.7594091296195984,"z":0.23492082953453065,"w":-0.5796205401420593},"size":18.19318962097168,"orthographic":false}