{"cameraMode":{"drawMode":0,"name":"Shaded","section":"Shading Mode"},"sceneLighting":false,"audioPlay":false,"sceneViewState":{"showFog":false,"showMaterialUpdate":false,"showSkybox":false,"showFlares":false,"showImageEffects":false,"showParticleSystems":true},"in2DMode":false,"pivot":{"x":2.558318614959717,"y":0.40386244654655459,"z":20.31791114807129},"rotation":{"x":0.27775269746780398,"y":0.05929454416036606,"z":-0.017178811132907869,"w":0.9586670398712158},"size":2.4297091960906984,"orthographic":false}